Timeline,x,y,type,Title for resource,href,summary headline,summary description
Jul 18 2024 14:19:38,0,0,resource,Introduction to Mathematical Logic,http://sample.net/ring,,
Jul 18 2024 14:19:39,1,2,quiz,quiz - 1,https://sample.net/?swing=girl&development=sponge,,
Jul 18 2024 14:19:40,4,5,summary,,,Logical Equivalence,"Logical identities are fundamental principles in logic that express relationships between logical statements, remaining universally true regardless of the truth values assigned to their constituent parts. Tautologies represent statements that are inherently true, irrespective of the truth values of their components, such as the classic example (p ? ¬p). Contradictions, on the other hand, are statements that are invariably false, regardless of the truth values of their components, exemplified by (p ? ¬p). Contingencies occupy the space between, being neither always true nor always false, with their truth value dependent on the specific truth values of their components. De Morgan's laws encapsulate critical principles governing logical negations of conjunctions and disjunctions, enabling simplification and manipulation of logical expressions through equivalences like ¬(p ? q) ? (¬p ? ¬q) and ¬(p ? q) ? (¬p ? ¬q)."
Jul 18 2024 14:19:41,2,6,quiz,quiz - 2,http://sample.info/?part=exchange&education=playground,,
Jul 18 2024 14:19:42,4,7,quiz,quiz - 3,http://www.sample.org/#calculator,,
Jul 18 2024 14:19:43,3,9,summary,,,Equivalence Relations and Partitions,"A partition of a set involves dividing the set into non-empty subsets in such a way that every element belongs to exactly one subset, and every pair of subsets are disjoint. Equivalence classes, a concept closely related to partitions, emerge when elements within a set are grouped together based on an equivalence relation, where each class contains elements that are equivalent to each other under the given relation. The partition resulting from equivalence classes partitions the set into subsets that contain elements sharing the same equivalence relation, forming a systematic way to categorize elements based on their relationships with each other. This concept finds applications in various mathematical fields, particularly in algebra, topology, and computer science, providing a powerful tool for organizing and analyzing data structures and relationships."
Jul 18 2024 14:19:44,3,9,resource,Resolution,http://sample.net/suggestion?mountain=pizzas,,
Jul 18 2024 14:19:45,0,3,quiz,quiz - 4,https://www.sample.edu/?kiss=chalk&aftermath=steam#property,,
Jul 18 2024 14:19:46,0,3,resource,Tutorial 1: Part II,http://www.sample.info/request?bulb=clover,,
Jul 18 2024 14:19:47,0,3,resource,Predicate Logic,http://ink.sample.com/,,
,,,,,,,
,,,,,,,
,,,,,,,
,,,,,,,
,,,,,,,
,,,,,,,
,,,,,,,
,,,,,,,
